Comment ID,Website,Category,Is Article,Comment Title,Comment Text,User ID,Parent ID,Parent Title,Parent Text,Parent User ID,Comment Time,Segmented Text
34705379,Mit,USANews,False," Re: 这个memorial weekend芝加哥禁枪做得很好
",笑话，法律还禁止杀人呢，民主党人不是把一堆杀人犯放大街上么，你敢跟他们说不到位么【 在 chenpp (chenpp) 的大作中提到: 】: 禁枪但是还有人能掏出枪来shooting说明禁枪工作做得不到位啊--,daemonself,34705213,,,0, 2022年05月31日14:26:09,"  Re :   这个 memorial   weekend 芝加哥 禁枪 做 得 很 好 
 笑话 ， 法律 还 禁止 杀人 呢 ， 民主党人 不是 把 一堆 杀人犯 放大 街上 么 ， 你 敢 跟 他们 说 不 到位 么 【   在   chenpp   ( chenpp )   的 大作 中 提到 :   】 :   禁枪 但是 还有 人能 掏出 枪来 shooting 说明 禁枪 工作 做 得不到 位 啊 --"
34705377,Mit,USANews,False," Re: Sussman果然被他的“亲属”陪审团判无罪了啊
",founder都套现了啊【 在 CoolTeeth (小石头) 的大作中提到: 】: 那些founders难道都是SB吗？--,daemonself,34705321," Sussman果然被他的“亲属”陪审团判无罪了啊
","向FBI撒谎的希拉里律师Sussman被陪审团判决无罪。在挑选大陪审团时，法官硬是把希拉里捐款者，AOC捐款者，以及女儿与Sussman女儿在一个足球队的左婊们选为陪审团成员。而这位奥巴马任命的法官Christopher Coopers，娶了“通俄门”中婚外恋鸳鸯Lisa Page的律师, 连婚礼都是拜登司法部长Garland主持的。。。--☆ 发自 iPhone 买买提 1.24.11--※ 修改:·CoolTeeth 於 May 31 13:10:27 2022 修改本文·[FROM: 100.]",CoolTeeth, 2022年05月31日14:24:10,"  Re :   Sussman 果然 被 他 的 “ 亲属 ” 陪审团 判 无罪 了 啊 
 founder 都 套现 了 啊 【   在   CoolTeeth   ( 小石头 )   的 大作 中 提到 :   】 :   那些 founders 难道 都 是 SB 吗 ？ --"
34705375,Mit,USANews,False," Re: 这个memorial weekend芝加哥禁枪做得很好
",禁枪但是还有人能掏出枪来shooting说明禁枪工作做得不到位啊【 在 daemonself (赖在美国为中国民族自豪！) 的大作中提到: 】: 做的很好，long weekend不到百起，死了区区10人，你还想咋的。想想以前不禁枪的时: 候，只许阿尔卡彭开枪，diversity何在！--,chenpp,34705213,,,0, 2022年05月31日14:22:53,"  Re :   这个 memorial   weekend 芝加哥 禁枪 做 得 很 好 
 禁枪 但是 还有 人能 掏出 枪来 shooting 说明 禁枪 工作 做 得不到 位 啊 【   在   daemonself   ( 赖 在 美国 为 中国 民族 自豪 ！ )   的 大作 中 提到 :   】 :   做 的 很 好 ， long   weekend 不到 百起 ， 死 了 区区 10 人 ， 你 还 想 咋 的 。 想想 以前 不禁 枪 的 时 :   候 ， 只许 阿尔卡 彭 开枪 ， diversity 何在 ！ --"
34705373,Mit,USANews,False," Re: Sussman果然被他的“亲属”陪审团判无罪了啊
","那些founders难道都是SB吗？【 在 daemonself (赖在美国为中国民族自豪！) 的大作中提到: 】: 因为升上去的都是sb和没底线啊。你不理解为什么一般上市了,founder都得滚么。--☆ 发自 iPhone 买买提 1.24.11--※ 修改:·CoolTeeth 於 May 31 14:22:30 2022 修改本文·[FROM: 100.]",CoolTeeth,34705321," Sussman果然被他的“亲属”陪审团判无罪了啊
","向FBI撒谎的希拉里律师Sussman被陪审团判决无罪。在挑选大陪审团时，法官硬是把希拉里捐款者，AOC捐款者，以及女儿与Sussman女儿在一个足球队的左婊们选为陪审团成员。而这位奥巴马任命的法官Christopher Coopers，娶了“通俄门”中婚外恋鸳鸯Lisa Page的律师, 连婚礼都是拜登司法部长Garland主持的。。。--☆ 发自 iPhone 买买提 1.24.11--※ 修改:·CoolTeeth 於 May 31 13:10:27 2022 修改本文·[FROM: 100.]",CoolTeeth, 2022年05月31日14:22:16,"  Re :   Sussman 果然 被 他 的 “ 亲属 ” 陪审团 判 无罪 了 啊 
 那些 founders 难道 都 是 SB 吗 ？ 【   在   daemonself   ( 赖 在 美国 为 中国 民族 自豪 ！ )   的 大作 中 提到 :   】 :   因为 升上去 的 都 是 sb 和 没 底线 啊 。 你 不 理解 为什么 一般 上市 了 , founder 都 得 滚 么 。 -- ☆   发自   iPhone   买买提   1.24 . 11 -- ※   修改 : · CoolTeeth   於   May   31   14 : 22 : 30   2022   修改 本文 · [ FROM :   100 . ]"
34705371,Mit,USANews,False," Re: 联邦制度已经成为一个消耗资源制造混乱的死结
","lol祖宗之法不可变！谁也不许修正第二修正案！瞅你们那点操行【 在 rdfirdfi (rdfi) 的大作中提到: 】: That's the way it is. If you don't like it, LEAVE!--",helloterran,34704437,,,0, 2022年05月31日14:19:48,"  Re :   联邦 制度 已经 成为 一个 消耗 资源 制造 混乱 的 死结 
 lol 祖宗 之 法 不可 变 ！ 谁 也 不许 修正 第二 修正案 ！ 瞅 你们 那点 操行 【   在   rdfirdfi   ( rdfi )   的 大作 中 提到 :   】 :   That ' s   the   way   it   is .   If   you   don ' t   like   it ,   LEAVE ! --"
34705369,MIT,USANews,False," Re: Sussman果然被他的“亲属”陪审团判无罪了啊
","因为升上去的都是sb和没底线啊。你不理解为什么一般上市了,founder都得滚么。【 在 CoolTeeth (小石头) 的大作中提到: 】: 一直理解不了，董事会或者高层把没底线的升上去不怕毁了公司？--",daemonself,34705321," Sussman果然被他的“亲属”陪审团判无罪了啊
","向FBI撒谎的希拉里律师Sussman被陪审团判决无罪。在挑选大陪审团时，法官硬是把希拉里捐款者，AOC捐款者，以及女儿与Sussman女儿在一个足球队的左婊们选为陪审团成员。而这位奥巴马任命的法官Christopher Coopers，娶了“通俄门”中婚外恋鸳鸯Lisa Page的律师, 连婚礼都是拜登司法部长Garland主持的。。。--☆ 发自 iPhone 买买提 1.24.11--※ 修改:·CoolTeeth 於 May 31 13:10:27 2022 修改本文·[FROM: 100.]",CoolTeeth, 2022年05月31日14:13:31,"  Re :   Sussman 果然 被 他 的 “ 亲属 ” 陪审团 判 无罪 了 啊 
 因为 升上去 的 都 是 sb 和 没 底线 啊 。 你 不 理解 为什么 一般 上市 了 , founder 都 得 滚 么 。 【   在   CoolTeeth   ( 小石头 )   的 大作 中 提到 :   】 :   一直 理解 不了 ， 董事会 或者 高层 把 没 底线 的 升上去 不怕 毁 了 公司 ？ --"
34705367,MIT,USANews,False," Re: Sussman果然被他的“亲属”陪审团判无罪了啊
",一直理解不了，董事会或者高层把没底线的升上去不怕毁了公司？【 在 daemonself (赖在美国为中国民族自豪！) 的大作中提到: 】: 很正常，公司里也是这样啊，升上去的基本都是没有底线的，毕竟除了没有底线他们真: 的是什么都没有了，所以只能干ceo啊--☆ 发自 iPhone 买买提 1.24.11--,CoolTeeth,34705321," Sussman果然被他的“亲属”陪审团判无罪了啊
","向FBI撒谎的希拉里律师Sussman被陪审团判决无罪。在挑选大陪审团时，法官硬是把希拉里捐款者，AOC捐款者，以及女儿与Sussman女儿在一个足球队的左婊们选为陪审团成员。而这位奥巴马任命的法官Christopher Coopers，娶了“通俄门”中婚外恋鸳鸯Lisa Page的律师, 连婚礼都是拜登司法部长Garland主持的。。。--☆ 发自 iPhone 买买提 1.24.11--※ 修改:·CoolTeeth 於 May 31 13:10:27 2022 修改本文·[FROM: 100.]",CoolTeeth, 2022年05月31日14:11:34,"  Re :   Sussman 果然 被 他 的 “ 亲属 ” 陪审团 判 无罪 了 啊 
 一直 理解 不了 ， 董事会 或者 高层 把 没 底线 的 升上去 不怕 毁 了 公司 ？ 【   在   daemonself   ( 赖 在 美国 为 中国 民族 自豪 ！ )   的 大作 中 提到 :   】 :   很 正常 ， 公司 里 也 是 这样 啊 ， 升上去 的 基本 都 是 没有 底线 的 ， 毕竟 除了 没有 底线 他们 真 :   的 是 什么 都 没有 了 ， 所以 只能 干 ceo 啊 -- ☆   发自   iPhone   买买提   1.24 . 11 --"
34705365,MIT,USANews,False," Re: 美国前20大枪击罪恶之城中19个民主党：投票倾向和人口分布
",不可能，那个不是民主党的？【 在 moshangUSA () 的大作中提到: 】: 很想知道那些拥护民主党禁枪的人的观后感--,daemonself,34705339," 美国前20大枪击罪恶之城中19个民主党：投票倾向和人口分布
",美国前20凶杀枪击案城市，其中19个是民主党控制管理，往往长达几十年，非常左。从人口结构分布来看，前5位几乎全是某少数族裔人口绝对占优的城市，前20中绝大部分也都是该族裔人口超全美平均比例的城市。谈控枪和治安，应该加上对文化和精神健康这些重要因素的讨论。--,moshangUSA, 2022年05月31日14:09:55,"  Re :   美国 前 20 大 枪击 罪恶 之 城中 19 个 民主党 ： 投票 倾向 和 人口 分布 
 不 可能 ， 那个 不是 民主党 的 ？ 【   在   moshangUSA   ( )   的 大作 中 提到 :   】 :   很想 知道 那些 拥护 民主党 禁枪 的 人 的 观后感 --"
34705363,MIT,USANews,False," Re: 美国前20大枪击罪恶之城中19个民主党：投票倾向和人口分布
",很想知道那些拥护民主党禁枪的人的观后感--,moshangUSA,34705339," 美国前20大枪击罪恶之城中19个民主党：投票倾向和人口分布
",美国前20凶杀枪击案城市，其中19个是民主党控制管理，往往长达几十年，非常左。从人口结构分布来看，前5位几乎全是某少数族裔人口绝对占优的城市，前20中绝大部分也都是该族裔人口超全美平均比例的城市。谈控枪和治安，应该加上对文化和精神健康这些重要因素的讨论。--,moshangUSA, 2022年05月31日14:08:09,"  Re :   美国 前 20 大 枪击 罪恶 之 城中 19 个 民主党 ： 投票 倾向 和 人口 分布 
 很想 知道 那些 拥护 民主党 禁枪 的 人 的 观后感 --"
34705361,MIT,USANews,False," Re: 这个memorial weekend芝加哥禁枪做得很好
",做的很好，long weekend不到百起，死了区区10人，你还想咋的。想想以前不禁枪的时候，只许阿尔卡彭开枪，diversity何在！【 在 chenpp (chenpp) 的大作中提到: 】: 如果都是shooting案的话，难道不是恰恰说明禁枪做得不好么……--,daemonself,34705213,,,0, 2022年05月31日14:05:34,"  Re :   这个 memorial   weekend 芝加哥 禁枪 做 得 很 好 
 做 的 很 好 ， long   weekend 不到 百起 ， 死 了 区区 10 人 ， 你 还 想 咋 的 。 想想 以前 不禁 枪 的 时候 ， 只许 阿尔卡 彭 开枪 ， diversity 何在 ！ 【   在   chenpp   ( chenpp )   的 大作 中 提到 :   】 :   如果 都 是 shooting 案 的话 ， 难道 不是 恰恰 说明 禁枪 做 得 不好 么 … … --"
34705359,MIT,USANews,False," Re: 这个memorial weekend芝加哥禁枪做得很好
",如果都是shooting案的话，难道不是恰恰说明禁枪做得不好么……【 在 daemonself (赖在美国为中国民族自豪！) 的大作中提到: 】: 只有区区58起，10死42伤，不算黑帮自己收尸没有报案的，应该不到百起--,chenpp,34705213,,,0, 2022年05月31日14:01:31,"  Re :   这个 memorial   weekend 芝加哥 禁枪 做 得 很 好 
 如果 都 是 shooting 案 的话 ， 难道 不是 恰恰 说明 禁枪 做 得 不好 么 … … 【   在   daemonself   ( 赖 在 美国 为 中国 民族 自豪 ！ )   的 大作 中 提到 :   】 :   只有 区区 58 起 ， 10 死 42 伤 ， 不算 黑帮 自己 收尸 没有 报案 的 ， 应该 不到 百起 --"
34705357,MIT,USANews,False," Re: zz TSMC在Phoenix的工厂on schedule
","我上个帖子说过了，在intel现在不行的这件事情上面，你说的和我说的没有必然冲突。另外我不觉得做fab这种事情找一两个大牛就搞定了。我们公司也从国内直接挖人过来，所以我也知道要搞个人过来有多麻烦。你那公司挖个人来特事特办当然能搞成（从澳大利亚和从台湾搞也不一样）。问题是这种事情上了规模都没法搞。Intel偷技术这种事情也不是我一个人凭空捏造，前面说了，我和搞半导体制造的人认真地讨论过，我本来也是持怀疑态度的。【 在 lczlcz (lcz) 的大作中提到: 】: 我觉得你比较搞笑的是会认为Intel支持让TSMC在Arizona建厂是因为Intel要从TSMC 偷: 技术.: Intel现在工艺制程落后不就是因为用了那么多烙印吗? 人家Qualcomm炒掉的烙印group: 被Intel拿过来当宝.: 你要是和Intel的人谈过的话, 就知道那个大牛为什么离开. 他是因为要炒掉他下面的: 烙印, Intel上面不同意, 然后他才离开的. 要知道他离开AMD的时候是zen芯片已经完: 成的时候, 人家是所谓的功成身退. 这个和离开Intel完全两码事.: 你讲relocation这种事情说明你眼界太小了. 一个, TSMC又不是只有在台湾才有人, 另: 外一个Intel要找的人不是生产线上的熟练工或者engineer, 是大牛那种, 只要几个就: 可以了. 招这种高级人才都是用专门的猎头, 不用管这人在哪里的.: ...................--",chenpp,34704667,,,0, 2022年05月31日13:47:11,"  Re :   zz   TSMC 在 Phoenix 的 工厂 on   schedule 
 我 上 个 帖子 说 过 了 ， 在 intel 现在 不行 的 这件 事情 上面 ， 你 说 的 和 我 说 的 没有 必然 冲突 。 另外 我 不 觉得 做 fab 这种 事情 找 一两个 大牛 就 搞定 了 。 我们 公司 也 从 国内 直接 挖人 过来 ， 所以 我 也 知道 要 搞 个人 过来 有 多 麻烦 。 你 那 公司 挖 个人 来 特事 特办 当然 能 搞 成 （ 从 澳大利亚 和 从 台湾 搞 也 不 一样 ） 。 问题 是 这种 事情 上 了 规模 都 没法 搞 。 Intel 偷 技术 这种 事情 也 不是 我 一个 人 凭空捏造 ， 前面 说 了 ， 我 和 搞 半导体 制造 的 人 认真 地 讨论 过 ， 我 本来 也 是 持 怀疑 态度 的 。 【   在   lczlcz   ( lcz )   的 大作 中 提到 :   】 :   我 觉得 你 比较 搞笑 的 是 会 认为 Intel 支持 让 TSMC 在 Arizona 建厂 是因为 Intel 要 从 TSMC   偷 :   技术 . :   Intel 现在 工艺 制程 落后 不 就是 因为 用 了 那么 多 烙印 吗 ?   人家 Qualcomm 炒 掉 的 烙印 group :   被 Intel 拿 过来 当宝 . :   你 要是 和 Intel 的 人 谈过 的话 ,   就 知道 那个 大牛 为什么 离开 .   他 是因为 要 炒 掉 他 下面 的 :   烙印 ,   Intel 上面 不 同意 ,   然后 他 才 离开 的 .   要 知道 他 离开 AMD 的 时候 是 zen 芯片 已经 完 :   成 的 时候 ,   人家 是 所谓 的 功成身退 .   这个 和 离开 Intel 完全 两码事 . :   你 讲 relocation 这种 事情 说明 你 眼界 太小 了 .   一个 ,   TSMC 又 不是 只有 在 台湾 才 有人 ,   另 :   外 一个 Intel 要 找 的 人 不是 生产线 上 的 熟练工 或者 engineer ,   是 大牛 那种 ,   只要 几个 就 :   可以 了 .   招 这种 高级人才 都 是 用 专门 的 猎头 ,   不用 管 这 人 在 哪里 的 . :   ...................--"
34705355,MIT,USANews,False," Re: 石锤了，Chief是一个darling 粉
",这数额侮辱性太强了【 在 DEHEI (的黑) 的大作中提到: 】: 捐的真多--※ 修改:·silkyjohnson 於 May 31 13:58:46 2022 修改本文·[FROM: 68.],silkyjohnson,34705169,,,0, 2022年05月31日13:58:24,"  Re :   石锤 了 ， Chief 是 一个 darling   粉 
 这 数额 侮辱性 太强 了 【   在   DEHEI   ( 的 黑 )   的 大作 中 提到 :   】 :   捐 的 真多 -- ※   修改 : · silkyjohnson   於   May   31   13 : 58 : 46   2022   修改 本文 · [ FROM :   68 . ]"
34705353,MIT,USANews,False," Re: 音乐、以色列、宗教、人民
",去看看巴勒斯坦人的生活，你感受会更深更丰富！这是地球上最邪恶的一群！【 在 kanting (kan) 的大作中提到: 】: vhttps://www.youtube.com/embed/j5rxWTjwXJc: https://www.youtube.com/watch?v=j5rxWTjwXJc: 抱着平和的而非激进非理性的、: 平等的而非居高临下的态度仔细看这个节目。: 了解以色列的文化宗教风土人情。: 看一看以色列既古老又现代的社会，: 了解一个至少四千年历史的文明。: 从观众的的眼神中表情中从社会面貌上，你都能看到: 宗教和信仰的坚实的力量、意志、睿智。: 你能看到其观众和民众的素质：理性、分析、批判、信念、理解懂得、: ...................--,piggybank,34704001,,,0, 2022年05月31日13:55:06,"  Re :   音乐 、 以色列 、 宗教 、 人民 
 去 看看 巴勒斯坦人 的 生活 ， 你 感受 会 更深 更 丰富 ！ 这是 地球 上 最 邪恶 的 一群 ！ 【   在   kanting   ( kan )   的 大作 中 提到 :   】 :   vhttps : / / www . youtube . com / embed / j5rxWTjwXJc :   https : / / www . youtube . com / watch ? v = j5rxWTjwXJc :   抱 着 平和 的 而 非 激进 非理性 的 、 :   平等 的 而 非 居高临下 的 态度 仔细 看 这个 节目 。 :   了解 以色列 的 文化 宗教 风土人情 。 :   看一看 以色列 既 古老 又 现代 的 社会 ， :   了解 一个 至少 四千年 历史 的 文明 。 :   从 观众 的 的 眼神 中 表情 中 从 社会 面貌 上 ， 你 都 能 看到 :   宗教 和 信仰 的 坚实 的 力量 、 意志 、 睿智 。 :   你 能 看到 其 观众 和 民众 的 素质 ： 理性 、 分析 、 批判 、 信念 、 理解 懂得 、 :   ...................--"
34705351,MIT,USANews,False," Re: 又来一个mass shooting, 凶手被拿枪的妇女干掉了
","这黑名贵的枪法也太烂了吧！【 在 lczlcz (lcz) 的大作中提到: 】: 上周三晚上，一个37岁的黑人罪犯，拿着一把非法持有的AR-15，冲着一群庆祝毕业的: 高中生开枪。万幸的是，在场的一位女性带着手枪，果断还击，把歹徒打死了。没有一: 个孩子受伤。: 黑人，罪犯，黑枪，被好人击毙，避免了一起mass shooting，所以左媒假装看不见，: 一概忽略这条新闻。: https://www.foxnews.com/us/west-virginia-woman-shoots-kills-man-fired-party: 尼玛这个和18岁不能买枪有p关系.: 另外一个h很好的评论就是:: gun is like a parachute. When you need one but you don't have one, thenyou: don't need it in the future.--",piggybank,34704581,,,0, 2022年05月31日13:52:02,"  Re :   又 来 一个 mass   shooting ,   凶手 被 拿 枪 的 妇女 干掉 了 
 这黑 名贵 的 枪法 也 太烂 了 吧 ！ 【   在   lczlcz   ( lcz )   的 大作 中 提到 :   】 :   上周三 晚上 ， 一个 37 岁 的 黑人 罪犯 ， 拿 着 一把 非法 持有 的 AR - 15 ， 冲着 一群 庆祝 毕业 的 :   高中生 开枪 。 万幸 的 是 ， 在场 的 一位 女性 带 着 手枪 ， 果断 还击 ， 把 歹徒 打死 了 。 没有 一 :   个 孩子 受伤 。 :   黑人 ， 罪犯 ， 黑枪 ， 被 好人 击毙 ， 避免 了 一起 mass   shooting ， 所以 左媒 假装 看不见 ， :   一概 忽略 这 条 新闻 。 :   https : / / www . foxnews . com / us / west - virginia - woman - shoots - kills - man - fired - party :   尼玛 这个 和 18 岁 不能 买枪 有 p 关系 . :   另外 一个 h 很 好 的 评论 就是 : :   gun   is   like   a   parachute .   When   you   need   one   but   you   don ' t   have   one ,   thenyou :   don ' t   need   it   in   the   future .--"
34705349,MIT,USANews,False," Re: 真打疫苗的是韭菜,西班牙最大药厂,为名流打生理盐水
",美国的权贵们也是如此，打的都是生理盐水。不是有传言，美国辉瑞的疫苗里1/3是生理盐水吗？我觉得我很幸运打的是生理盐水，因为两针都没有任何感觉，就是针口有点红，连肿都没有，比打流感疫苗还无感。--,piggybank,34705209,,,0, 2022年05月31日13:50:29,"  Re :   真打 疫苗 的 是 韭菜 , 西班牙 最大 药厂 , 为 名流 打 生理盐水 
 美国 的 权贵 们 也 是 如此 ， 打 的 都 是 生理盐水 。 不是 有 传言 ， 美国 辉瑞 的 疫苗 里 1 / 3 是 生理盐水 吗 ？ 我 觉得 我 很 幸运 打 的 是 生理盐水 ， 因为 两针 都 没有 任何 感觉 ， 就是 针口 有点 红 ， 连肿 都 没有 ， 比 打 流感疫苗 还 无感 。 --"
34705347,MIT,USANews,False," Re: 大家拿  禁枪了
",很阴险，要是不成功还好说，要是很明显的降低了枪击死亡人数，就是在引导美国分裂甚至内战【 在 mitbbo (mitbbo) 的大作中提到: 】: 土豆露出了丑恶嘴脸: import--☆ 发自 iPhone 买买提 1.24.11--※ 修改:·daydaygoup1 於 May 31 13:48:15 2022 修改本文·[FROM: 75.],daydaygoup1,34705101,,,0, 2022年05月31日13:46:55,"  Re :   大家 拿     禁枪 了 
 很 阴险 ， 要是 不 成功 还好 说 ， 要是 很 明显 的 降低 了 枪击 死亡 人数 ， 就是 在 引导 美国 分裂 甚至 内战 【   在   mitbbo   ( mitbbo )   的 大作 中 提到 :   】 :   土豆 露出 了 丑恶嘴脸 :   import -- ☆   发自   iPhone   买买提   1.24 . 11 -- ※   修改 : · daydaygoup1   於   May   31   13 : 48 : 15   2022   修改 本文 · [ FROM :   75 . ]"
34705345,MIT,USANews,False," Re: 为啥去英国玩不要去苗证，来美国就要求
",太坑了 不知道这政策以后会不会改【 在 piggybank(没钱的小猪猪) 的大作中提到: 】<br>: 因为老JB是犹畜疫苗的代言人。<br>--,zhaojing36,34705337," 为啥去英国玩不要去苗证，来美国就要求
",来美国旅游探亲要求苗证去英国不需要现在疫情开始这么久了，还有人认为苗防传染？以后疫情过去了，美弟这要求也不会改？--,zhaojing36, 2022年05月31日13:46:43,"  Re :   为啥 去 英国 玩 不要 去 苗证 ， 来 美国 就 要求 
 太坑 了   不 知道 这 政策 以后 会 不会 改 【   在   piggybank ( 没钱 的 小猪猪 )   的 大作 中 提到 :   】 < br > :   因为 老 JB 是 犹畜 疫苗 的 代言人 。 < br > --"
34705343,MIT,USANews,False," Re: Sussman果然被他的“亲属”陪审团判无罪了啊
",很正常，公司里也是这样啊，升上去的基本都是没有底线的，毕竟除了没有底线他们真的是什么都没有了，所以只能干ceo啊【 在 HBBH (HBBH) 的大作中提到: 】: 这就是为什么 DEM 都能无法无天但对他们又无可奈何。--,daemonself,34705321," Sussman果然被他的“亲属”陪审团判无罪了啊
","向FBI撒谎的希拉里律师Sussman被陪审团判决无罪。在挑选大陪审团时，法官硬是把希拉里捐款者，AOC捐款者，以及女儿与Sussman女儿在一个足球队的左婊们选为陪审团成员。而这位奥巴马任命的法官Christopher Coopers，娶了“通俄门”中婚外恋鸳鸯Lisa Page的律师, 连婚礼都是拜登司法部长Garland主持的。。。--☆ 发自 iPhone 买买提 1.24.11--※ 修改:·CoolTeeth 於 May 31 13:10:27 2022 修改本文·[FROM: 100.]",CoolTeeth, 2022年05月31日13:45:52,"  Re :   Sussman 果然 被 他 的 “ 亲属 ” 陪审团 判 无罪 了 啊 
 很 正常 ， 公司 里 也 是 这样 啊 ， 升上去 的 基本 都 是 没有 底线 的 ， 毕竟 除了 没有 底线 他们 真的 是 什么 都 没有 了 ， 所以 只能 干 ceo 啊 【   在   HBBH   ( HBBH )   的 大作 中 提到 :   】 :   这 就是 为什么   DEM   都 能 无法无天 但 对 他们 又 无可奈何 。 --"
34705341,MIT,USANews,False," Re: 为啥去英国玩不要去苗证，来美国就要求
",因为老JB是犹畜疫苗的代言人。--,piggybank,34705337," 为啥去英国玩不要去苗证，来美国就要求
",来美国旅游探亲要求苗证去英国不需要现在疫情开始这么久了，还有人认为苗防传染？以后疫情过去了，美弟这要求也不会改？--,zhaojing36, 2022年05月31日13:43:56,"  Re :   为啥 去 英国 玩 不要 去 苗证 ， 来 美国 就 要求 
 因为 老 JB 是 犹畜 疫苗 的 代言人 。 --"
34705339,MIT,USANews,True," 美国前20大枪击罪恶之城中19个民主党：投票倾向和人口分布
",美国前20凶杀枪击案城市，其中19个是民主党控制管理，往往长达几十年，非常左。从人口结构分布来看，前5位几乎全是某少数族裔人口绝对占优的城市，前20中绝大部分也都是该族裔人口超全美平均比例的城市。谈控枪和治安，应该加上对文化和精神健康这些重要因素的讨论。--,moshangUSA,0,,,0, 2022年05月31日13:43:44,"  美国 前 20 大 枪击 罪恶 之 城中 19 个 民主党 ： 投票 倾向 和 人口 分布 
 美国 前 20 凶杀 枪击案 城市 ， 其中 19 个 是 民主党 控制 管理 ， 往往 长 达 几十年 ， 非常 左 。 从 人口 结构 分布 来看 ， 前 5 位 几乎 全是 某 少数 族裔 人口 绝对 占优 的 城市 ， 前 20 中 绝大部分 也 都 是 该 族裔 人口 超 全美 平均 比例 的 城市 。 谈控枪 和 治安 ， 应该 加上 对 文化 和 精神 健康 这些 重要 因素 的 讨论 。 --"
34705337,MIT,USANews,True," 为啥去英国玩不要去苗证，来美国就要求
",来美国旅游探亲要求苗证去英国不需要现在疫情开始这么久了，还有人认为苗防传染？以后疫情过去了，美弟这要求也不会改？--,zhaojing36,0,,,0, 2022年05月31日13:36:37,"  为啥 去 英国 玩 不要 去 苗证 ， 来 美国 就 要求 
 来 美国 旅游 探亲 要求 苗证 去 英国 不 需要 现在 疫情 开始 这么久 了 ， 还有 人 认为 苗防 传染 ？ 以后 疫情 过去 了 ， 美弟 这 要求 也 不会 改 ？ --"
34705335,MIT,USANews,False," Re: Sussman果然被他的“亲属”陪审团判无罪了啊
",左臂媒体肯定不会说陪审团的组成，只会说萨斯曼无罪证明希大妈没问题。左棍们已经开始狂欢了。狐狸台有说陪审团的问题。【 在 HBBH (HBBH) 的大作中提到: 】: 这就是为什么 DEM 都能无法无天但对他们又无可奈何。--☆ 发自 iPhone 买买提 1.24.11--※ 修改:·CoolTeeth 於 May 31 13:34:44 2022 修改本文·[FROM: 100.],CoolTeeth,34705321," Sussman果然被他的“亲属”陪审团判无罪了啊
","向FBI撒谎的希拉里律师Sussman被陪审团判决无罪。在挑选大陪审团时，法官硬是把希拉里捐款者，AOC捐款者，以及女儿与Sussman女儿在一个足球队的左婊们选为陪审团成员。而这位奥巴马任命的法官Christopher Coopers，娶了“通俄门”中婚外恋鸳鸯Lisa Page的律师, 连婚礼都是拜登司法部长Garland主持的。。。--☆ 发自 iPhone 买买提 1.24.11--※ 修改:·CoolTeeth 於 May 31 13:10:27 2022 修改本文·[FROM: 100.]",CoolTeeth, 2022年05月31日13:29:30,"  Re :   Sussman 果然 被 他 的 “ 亲属 ” 陪审团 判 无罪 了 啊 
 左臂 媒体 肯定 不会 说 陪审团 的 组成 ， 只会 说 萨斯 曼 无罪 证明 希 大妈 没 问题 。 左棍们 已经 开始 狂欢 了 。 狐狸 台有 说 陪审团 的 问题 。 【   在   HBBH   ( HBBH )   的 大作 中 提到 :   】 :   这 就是 为什么   DEM   都 能 无法无天 但 对 他们 又 无可奈何 。 -- ☆   发自   iPhone   买买提   1.24 . 11 -- ※   修改 : · CoolTeeth   於   May   31   13 : 34 : 44   2022   修改 本文 · [ FROM :   100 . ]"
34705333,MIT,USANews,False," Re: Sussman果然被他的“亲属”陪审团判无罪了啊
","这就是为什么 DEM 都能无法无天但对他们又无可奈何。【 在 CoolTeeth (小石头) 的大作中提到: 】: 向FBI撒谎的希拉里律师Sussman被陪审团判决无罪。在挑选大陪审团时，法官硬是把希: 拉里捐款者，AOC捐款者，以及女儿与Sussman女儿在一个足球队的左婊们选为陪审团成: 员。而这位奥巴马任命的法官Christopher Coopers，娶了“通俄门”中婚外恋鸳鸯: Lisa Page的律师, 连婚礼都是拜登司法部长Garland主持的。。。--",HBBH,34705321," Sussman果然被他的“亲属”陪审团判无罪了啊
","向FBI撒谎的希拉里律师Sussman被陪审团判决无罪。在挑选大陪审团时，法官硬是把希拉里捐款者，AOC捐款者，以及女儿与Sussman女儿在一个足球队的左婊们选为陪审团成员。而这位奥巴马任命的法官Christopher Coopers，娶了“通俄门”中婚外恋鸳鸯Lisa Page的律师, 连婚礼都是拜登司法部长Garland主持的。。。--☆ 发自 iPhone 买买提 1.24.11--※ 修改:·CoolTeeth 於 May 31 13:10:27 2022 修改本文·[FROM: 100.]",CoolTeeth, 2022年05月31日13:19:03,"  Re :   Sussman 果然 被 他 的 “ 亲属 ” 陪审团 判 无罪 了 啊 
 这 就是 为什么   DEM   都 能 无法无天 但 对 他们 又 无可奈何 。 【   在   CoolTeeth   ( 小石头 )   的 大作 中 提到 :   】 :   向 FBI 撒谎 的 希拉里 律师 Sussman 被 陪审团 判决 无罪 。 在 挑选 大 陪审团 时 ， 法官 硬是 把 希 :   拉里 捐款者 ， AOC 捐款者 ， 以及 女儿 与 Sussman 女儿 在 一个 足球队 的 左 婊们 选为 陪审团 成 :   员 。 而 这位 奥巴马 任命 的 法官 Christopher   Coopers ， 娶 了 “ 通俄门 ” 中 婚外恋 鸳鸯 :   Lisa   Page 的 律师 ,   连 婚礼 都 是 拜登 司法部长 Garland 主持 的 。 。 。 --"
34705331,MIT,USANews,True," zz 三月份房价继续狂涨
","Home prices continued to soar in March, hitting an all-time high despiterising mortgage rates that made buying a house even more expensive.The S&P CoreLogic Case-Shiller National Home Price NSA Index jumped to anannual rate of 20.6%, up from 20% in February. The 10-city composite year-over-year increase went to 19.5% from 18.7%, while the 20-city compositeannual gain was 21.2%, up from 20.3%.For the first time in 34 months, Phoenix didn’t register the biggest jump.That distinction went to Tampa, which saw a one-year advance of 34.8%. Itwas followed by Phoenix (+32.4%) and Miami (+32%). Prices in March rose morethan than the month before in 17 of the cities in the index.Craig Lazzara, managing director at S&P DJI, explained that the move upwardin home prices suggests “very broad strength in the housing market.”Interest Rate ImpactLazzara noted it’s likely these kinds of big price increases will ease asthe Federal Reserve raises interest rates to fight inflation, making homeloans more expensive. Freddie Mac reported the average rate on a 30-year,fixed-rate mortgage in March was 4.17%, up from 3.08% the year before. It'snow more than 5%. Lazzara explained because of that, the macroeconomicenvironment “may not support extraordinary home price growth much longer.”However, he added that while it’s safe to predict price gains will beginto decelerate, when that will happen is more difficult to determine.--",lczlcz,0,,,0, 2022年05月31日13:12:10,"  zz   三月份 房价 继续 狂涨 
 Home   prices   continued   to   soar   in   March ,   hitting   an   all - time   high   despiterising   mortgage   rates   that   made   buying   a   house   even   more   expensive . The   S & P   CoreLogic   Case - Shiller   National   Home   Price   NSA   Index   jumped   to   anannual   rate   of   20.6% ,   up   from   20%   in   February .   The   10 - city   composite   year - over - year   increase   went   to   19.5%   from   18.7% ,   while   the   20 - city   compositeannual   gain   was   21.2% ,   up   from   20.3% . For   the   first   time   in   34   months ,   Phoenix   didn ’ t   register   the   biggest   jump . That   distinction   went   to   Tampa ,   which   saw   a   one - year   advance   of   34.8% .   Itwas   followed   by   Phoenix   ( + 32.4% )   and   Miami   ( + 32% ) .   Prices   in   March   rose   morethan   than   the   month   before   in   17   of   the   cities   in   the   index . Craig   Lazzara ,   managing   director   at   S & P   DJI ,   explained   that   the   move   upwardin   home   prices   suggests   “ very   broad   strength   in   the   housing   market . ” Interest   Rate   ImpactLazzara   noted   it ’ s   likely   these   kinds   of   big   price   increases   will   ease   asthe   Federal   Reserve   raises   interest   rates   to   fight   inflation ,   making   homeloans   more   expensive .   Freddie   Mac   reported   the   average   rate   on   a   30 - year , fixed - rate   mortgage   in   March   was   4.17% ,   up   from   3.08%   the   year   before .   It ' snow   more   than   5% .   Lazzara   explained   because   of   that ,   the   macroeconomicenvironment   “ may   not   support   extraordinary   home   price   growth   much   longer . ” However ,   he   added   that   while   it ’ s   safe   to   predict   price   gains   will   beginto   decelerate ,   when   that   will   happen   is   more   difficult   to   determine .--"
34705329,MIT,USANews,False," Re: 这个memorial weekend芝加哥禁枪做得很好
",这个竟然不算在mass shooting里面?--,lczlcz,34705213,,,0, 2022年05月31日13:09:40,"  Re :   这个 memorial   weekend 芝加哥 禁枪 做 得 很 好 
 这个 竟然 不算 在 mass   shooting 里面 ? --"
34705327,MIT,USANews,False," Re: 从cbp agent描述的细节看，如果禁枪了
","这件事多半会造成更多人反对全面禁枪，更多家长会去买枪，主党也许又搬石头砸自己的脚了，可怜的是被他们害死的那些小朋友和他们的家人【 在 daemonself (赖在美国为中国民族自豪！) 的大作中提到: 】: 他连枪都没有，得先和马保国老师学习几年才能击毙暴徒: Jacob Albarado, speaking to NBC’s ""Today"" show, said he was sitting downto:  get a haircut when he received a text from his wife – a fourth-grade: teacher at Robb Elementary – saying ""there is an active shooter, help, I: love you."": Albarado said he then raced with his barber ""as fast as I could"" to the: school, which his daughter also attends.: ""I was just trying to get towards my wife’s room and my daughter’s room,"": Albarado recalled. ""I went back to my barber’s truck, he got me hisshotgun: . He gave me some shells, I put whatever shells I had in my pocket andthen: ...................--☆ 发自 iPhone 买买提 1.24.11--",CoolTeeth,34705243," 从cbp agent描述的细节看，如果禁枪了
","他连枪都没有，得先和马保国老师学习几年才能击毙暴徒Jacob Albarado, speaking to NBC’s ""Today"" show, said he was sitting down toget a haircut when he received a text from his wife – a fourth-gradeteacher at Robb Elementary – saying ""there is an active shooter, help, Ilove you.""Albarado said he then raced with his barber ""as fast as I could"" to theschool, which his daughter also attends.""I was just trying to get towards my wife’s room and my daughter’s room,""Albarado recalled. ""I went back to my barber’s truck, he got me his shotgun. He gave me some shells, I put whatever shells I had in my pocket and thenI took off running towards the school.""--",daemonself, 2022年05月31日13:09:29,"  Re :   从 cbp   agent 描述 的 细节 看 ， 如果 禁枪 了 
 这件 事 多半会 造成 更多人 反对 全面 禁枪 ， 更 多 家长会 去 买 枪 ， 主党 也许 又 搬 石头砸 自己 的 脚 了 ， 可怜 的 是 被 他们 害死 的 那些 小朋友 和 他们 的 家人 【   在   daemonself   ( 赖 在 美国 为 中国 民族 自豪 ！ )   的 大作 中 提到 :   】 :   他 连枪 都 没有 ， 得 先 和 马 保国 老师 学习 几年 才能 击毙 暴徒 :   Jacob   Albarado ,   speaking   to   NBC ’ s   "" Today ""   show ,   said   he   was   sitting   downto :     get   a   haircut   when   he   received   a   text   from   his   wife   –   a   fourth - grade :   teacher   at   Robb   Elementary   –   saying   "" there   is   an   active   shooter ,   help ,   I :   love   you . "" :   Albarado   said   he   then   raced   with   his   barber   "" as   fast   as   I   could ""   to   the :   school ,   which   his   daughter   also   attends . :   "" I   was   just   trying   to   get   towards   my   wife ’ s   room   and   my   daughter ’ s   room , "" :   Albarado   recalled .   "" I   went   back   to   my   barber ’ s   truck ,   he   got   me   hisshotgun :   .   He   gave   me   some   shells ,   I   put   whatever   shells   I   had   in   my   pocket   andthen :   ...................-- ☆   发自   iPhone   买买提   1.24 . 11 --"
34705325,MIT,USANews,False," Re: GA那个Kemp和党初选居然能拿70% 选票
",GA 初选是两党合作的结果。 to block Trump pickshttp://apnews.com/article/2022-midterm-elections-donald-trump-georgia-campaign-2016-congress-df4fa72d2d4a1e4d9344d61c0a3d4b9e--,HBBH,34702449,,,0, 2022年05月31日13:08:14,"  Re :   GA 那个 Kemp 和 党 初选 居然 能 拿 70%   选票 
 GA   初选 是 两党 合作 的 结果 。   to   block   Trump   pickshttp : / / apnews . com / article / 2022 - midterm - elections - donald - trump - georgia - campaign - 2016 - congress - df4fa72d2d4a1e4d9344d61c0a3d4b9e --"
34705323,MIT,USANews,False," Re: zz TSMC在Phoenix的工厂on schedule
","我觉得你比较搞笑的是会认为Intel支持让TSMC在Arizona建厂是因为Intel要从TSMC 偷技术.Intel现在工艺制程落后不就是因为用了那么多烙印吗? 人家Qualcomm炒掉的烙印group被Intel拿过来当宝.你要是和Intel的人谈过的话, 就知道那个大牛为什么离开. 他是因为要炒掉他下面的烙印, Intel上面不同意, 然后他才离开的. 要知道他离开AMD的时候是zen芯片已经完成的时候, 人家是所谓的功成身退. 这个和离开Intel完全两码事.你讲relocation这种事情说明你眼界太小了. 一个, TSMC又不是只有在台湾才有人, 另外一个Intel要找的人不是生产线上的熟练工或者engineer, 是大牛那种, 只要几个就可以了. 招这种高级人才都是用专门的猎头, 不用管这人在哪里的.那种大牛Intel出点钱relocate全家有什么问题? 我以前的公司比intel差远了, 当时为了招一个senior staff, 把在澳大利亚的一位relocate到美国. 这点relocation的钱对Intel, 对任何大点的公司都是很小很小的事情, 根本不值一提. 【 在 chenpp (chenpp) 的大作中提到: 】: 你第一段话就是为了反驳而反驳了。事实上我对Intel不满意、吐槽的点非常多。我没觉: 得你说的intel找老印和我说的Intel制程落后之间有什么必然冲突。但是落实到市场上: ，人家不关心你找哪国人找多了，人家关心你能不能拿出符合客户PPA需求的制程。: 你说的那个大牛，在最近的十几年里，每过几年就会换一家半导体公司。你只拿intel没: 留住他能说明Intel有什么问题？他进Intel之前，先从AMD跳进TSLA，又从TSLA跳进的i: ntel。所以AMD和TSLA都和intel一样有问题是么？: 你在人才流动这个问题上说的这是什么话？我就问你一句：如果Intel在Chandler的Fab: 想招TSMC的人，他是从台湾招方便还是从Carefree招方便？: 要想往细里说，intel想从台湾招人，得要人家举家搬迁吧？身份要解决吧？配偶子女就: 业求学安家得提供帮助吧？这是个什么成本？费了老大劲，结果某些川粉还会BB：为什: ...................--※ 修改:·lczlcz 於 May 31 13:14:18 2022 修改本文·[FROM: 72.]",lczlcz,34704667,,,0, 2022年05月31日13:06:09,"  Re :   zz   TSMC 在 Phoenix 的 工厂 on   schedule 
 我 觉得 你 比较 搞笑 的 是 会 认为 Intel 支持 让 TSMC 在 Arizona 建厂 是因为 Intel 要 从 TSMC   偷 技术 . Intel 现在 工艺 制程 落后 不 就是 因为 用 了 那么 多 烙印 吗 ?   人家 Qualcomm 炒 掉 的 烙印 group 被 Intel 拿 过来 当宝 . 你 要是 和 Intel 的 人 谈过 的话 ,   就 知道 那个 大牛 为什么 离开 .   他 是因为 要 炒 掉 他 下面 的 烙印 ,   Intel 上面 不 同意 ,   然后 他 才 离开 的 .   要 知道 他 离开 AMD 的 时候 是 zen 芯片 已经 完成 的 时候 ,   人家 是 所谓 的 功成身退 .   这个 和 离开 Intel 完全 两码事 . 你 讲 relocation 这种 事情 说明 你 眼界 太小 了 .   一个 ,   TSMC 又 不是 只有 在 台湾 才 有人 ,   另外 一个 Intel 要 找 的 人 不是 生产线 上 的 熟练工 或者 engineer ,   是 大牛 那种 ,   只要 几个 就 可以 了 .   招 这种 高级人才 都 是 用 专门 的 猎头 ,   不用 管 这 人 在 哪里 的 . 那种 大牛 Intel 出点 钱 relocate 全家 有 什么 问题 ?   我 以前 的 公司 比 intel 差远了 ,   当时 为了 招 一个 senior   staff ,   把 在 澳大利亚 的 一位 relocate 到 美国 .   这点 relocation 的 钱 对 Intel ,   对 任何 大点 的 公司 都 是 很小 很小 的 事情 ,   根本 不值一提 .   【   在   chenpp   ( chenpp )   的 大作 中 提到 :   】 :   你 第一段 话 就是 为了 反驳 而 反驳 了 。 事实上 我 对 Intel 不 满意 、 吐槽 的 点 非常 多 。 我 没觉 :   得 你 说 的 intel 找 老印 和 我 说 的 Intel 制程 落后 之间 有 什么 必然 冲突 。 但是 落实 到 市场 上 :   ， 人家 不 关心 你 找 哪 国人 找 多 了 ， 人家 关心 你 能 不能 拿出 符合 客户 PPA 需求 的 制程 。 :   你 说 的 那个 大牛 ， 在 最近 的 十几年 里 ， 每 过 几年 就 会 换 一家 半导体 公司 。 你 只 拿 intel 没 :   留住 他 能 说明 Intel 有 什么 问题 ？ 他进 Intel 之前 ， 先 从 AMD 跳进 TSLA ， 又 从 TSLA 跳进 的 i :   ntel 。 所以 AMD 和 TSLA 都 和 intel 一样 有 问题 是 么 ？ :   你 在 人才流动 这个 问题 上 说 的 这 是 什么 话 ？ 我 就 问 你 一句 ： 如果 Intel 在 Chandler 的 Fab :   想招 TSMC 的 人 ， 他 是从 台湾 招 方便 还是 从 Carefree 招 方便 ？ :   要 想 往 细里 说 ， intel 想 从 台湾 招 人 ， 得 要 人家 举家 搬迁 吧 ？ 身份 要 解决 吧 ？ 配偶 子女 就 :   业 求学 安家 得 提供 帮助 吧 ？ 这 是 个 什么 成本 ？ 费 了 老大 劲 ， 结果 某些 川粉 还 会 BB ： 为什 :   ...................-- ※   修改 : · lczlcz   於   May   31   13 : 14 : 18   2022   修改 本文 · [ FROM :   72 . ]"
34705321,MIT,USANews,True," Sussman果然被他的“亲属”陪审团判无罪了啊
","向FBI撒谎的希拉里律师Sussman被陪审团判决无罪。在挑选大陪审团时，法官硬是把希拉里捐款者，AOC捐款者，以及女儿与Sussman女儿在一个足球队的左婊们选为陪审团成员。而这位奥巴马任命的法官Christopher Coopers，娶了“通俄门”中婚外恋鸳鸯Lisa Page的律师, 连婚礼都是拜登司法部长Garland主持的。。。--☆ 发自 iPhone 买买提 1.24.11--※ 修改:·CoolTeeth 於 May 31 13:10:27 2022 修改本文·[FROM: 100.]",CoolTeeth,0,,,0, 2022年05月31日13:05:57,"  Sussman 果然 被 他 的 “ 亲属 ” 陪审团 判 无罪 了 啊 
 向 FBI 撒谎 的 希拉里 律师 Sussman 被 陪审团 判决 无罪 。 在 挑选 大 陪审团 时 ， 法官 硬是 把 希拉里 捐款者 ， AOC 捐款者 ， 以及 女儿 与 Sussman 女儿 在 一个 足球队 的 左 婊们 选为 陪审团 成员 。 而 这位 奥巴马 任命 的 法官 Christopher   Coopers ， 娶 了 “ 通俄门 ” 中 婚外恋 鸳鸯 Lisa   Page 的 律师 ,   连 婚礼 都 是 拜登 司法部长 Garland 主持 的 。 。 。 -- ☆   发自   iPhone   买买提   1.24 . 11 -- ※   修改 : · CoolTeeth   於   May   31   13 : 10 : 27   2022   修改 本文 · [ FROM :   100 . ]"
34705319,MIT,USANews,False," 小六这种作弊很典型
",日常抽脸， 呵呵。。--,Cruemango,34703279,,,0, 2022年05月31日12:43:06,"  小六 这种 作弊 很 典型 
 日常 抽脸 ，   呵呵 。 。 --"
34705317,MIT,USANews,False," 小六定义无辜
",最近地铁又出现一个亚裔被贵族按住暴打头部，整个人都打晕了。小六看到了吗？对你冲击大吗？--,Cruemango,34703301,,,0, 2022年05月31日12:42:35,"  小六 定义 无辜 
 最近 地铁 又 出现 一个 亚裔 被 贵族 按住 暴打 头部 ， 整个 人 都 打 晕 了 。 小六 看到 了 吗 ？ 对 你 冲击 大 吗 ？ --"
34705315,MIT,USANews,False," 作弊高华们来谈谈你们担心被继父们击毙吗？
",作弊你们担心被继父击毙吗？不要顾左右而言其他--,Cruemango,34703257,,,0, 2022年05月31日12:41:43,"  作弊 高华们 来 谈谈 你们 担心 被 继父 们 击毙 吗 ？ 
 作弊 你们 担心 被 继父 击毙 吗 ？ 不要 顾 左右 而言 其他 --"
34705313,MIT,USANews,False," 哥可以出资资助作弊
",坐等作弊留地址，哥都做好了--,Cruemango,34703291,,,0, 2022年05月31日12:41:14,"  哥 可以 出资 资助 作弊 
 坐等 作弊 留 地址 ， 哥 都 做好 了 --"
34705311,MIT,USANews,False," 免费赠送gun free zone牌子给作弊
",哥等得都不耐烦了，一个有卵子的都没有--,Cruemango,34703801,,,0, 2022年05月31日12:40:47,"  免费 赠送 gun   free   zone 牌子 给 作弊 
 哥 等 得 都 不耐烦 了 ， 一个 有 卵子 的 都 没有 --"
34705309,MIT,USANews,False," 看来作弊对于它们继父击毙它高盛同事
",作弊是它们继父的好大儿--,Cruemango,34703803,,,0, 2022年05月31日12:40:22,"  看来 作弊 对于 它们 继父 击毙 它 高盛 同事 
 作弊 是 它们 继父 的 好 大儿 --"
34705307,MIT,USANews,False," 你见过作弊谴责它们继父犯下的羟基案吗
",你们上峰有发通稿吗？--,Cruemango,34703813,,,0, 2022年05月31日12:39:58,"  你 见 过 作弊 谴责 它们 继父 犯下 的 羟基 案 吗 
 你们 上峰 有发 通稿 吗 ？ --"
34705305,MIT,USANews,False," 纽约击毙高盛员工的那把枪是合法的吗
",作弊来谈谈你们的看法。你们上峰还没给通稿吗？--,Cruemango,34703789,,,0, 2022年05月31日12:39:37,"  纽约 击毙 高盛 员工 的 那 把 枪 是 合法 的 吗 
 作弊 来 谈谈 你们 的 看法 。 你们 上峰 还 没 给 通稿 吗 ？ --"
34705303,MIT,USANews,False," 作弊认为
",作弊今天被击毙了吗？--,Cruemango,34703817,,,0, 2022年05月31日12:39:05,"  作弊 认为 
 作弊 今天 被 击毙 了 吗 ？ --"
34705301,MIT,USANews,False," 小六来谴责一下纽约地铁枪手呗？
",小六和罪犯心连心，怎么敢谴责？--,Cruemango,34703883,,,0, 2022年05月31日12:38:42,"  小六来 谴责 一下 纽约 地铁 枪手 呗 ？ 
 小六 和 罪犯 心连心 ， 怎么 敢 谴责 ？ --"
34705299,MIT,USANews,False," 我是特别支持交枪的
",哥发帖好几天了让华左留下地址，哥免费送gun free zone 标语牌。没一个露头的。--,Cruemango,34705099,,,0, 2022年05月31日12:37:25,"  我 是 特别 支持 交枪 的 
 哥 发帖 好 几天 了 让 华 左 留下 地址 ， 哥 免费送 gun   free   zone   标语牌 。 没 一个 露头 的 。 --"
34705297,MIT,USANews,False," 这个memorial weekend芝加哥禁枪做得很好
",应该推广给小六。小六咋不搬过去？--,Cruemango,34705213,,,0, 2022年05月31日12:36:23,"  这个 memorial   weekend 芝加哥 禁枪 做 得 很 好 
 应该 推广 给 小 六 。 小六 咋 不 搬 过去 ？ --"
34705295,MIT,USANews,False," Re: 一点建议，初选，应该禁止恶意选票
",你是说民主党做票？【 在 sysywjel (苹果派) 的大作中提到: 】: 不一样，voter ID只对共和党有利，而我这个对两党都有利。--,jollyl,34705083,,,0, 2022年05月31日12:13:28,"  Re :   一点 建议 ， 初选 ， 应该 禁止 恶意 选票 
 你 是 说 民主党 做票 ？ 【   在   sysywjel   ( 苹果派 )   的 大作 中 提到 :   】 :   不 一样 ， voter   ID 只 对 共和党 有利 ， 而 我 这个 对 两党 都 有利 。 --"
34705293,MIT,USANews,False," Re: 中小学教材为什么不能性教育？ (转载)
",: 对孩子早做性教育和对lgbtq人群的介绍可以帮助孩子们找到自己认可的正确的健康的: 性行为，知道性，性别，和性行为是多样的，动态的，而不是二维的，一成不变的。这: 个观点是现代教育界普遍接受的。美国加州以及在这方面起到了领先的引导作用。我们: 要跟上，用进步的，而不是一成不变的过时的保守观点来看这个问题。--※ 修改:·jobhuntinger 於 May 31 11:55:06 2022 修改本文·[FROM: 192.],jobhuntinger,34705233,,,0, 2022年05月31日11:54:54,"  Re :   中小学 教材 为什么 不能 性 教育 ？   ( 转载 ) 
 :   对 孩子 早 做性 教育 和 对 lgbtq 人群 的 介绍 可以 帮助 孩子 们 找到 自己 认可 的 正确 的 健康 的 :   性行为 ， 知道 性 ， 性别 ， 和 性行为 是 多样 的 ， 动态 的 ， 而 不是 二维 的 ， 一成不变 的 。 这 :   个 观点 是 现代 教育界 普遍 接受 的 。 美国 加州 以及 在 这方面 起到 了 领先 的 引导 作用 。 我们 :   要 跟上 ， 用 进步 的 ， 而 不是 一成不变 的 过时 的 保守 观点 来看 这个 问题 。 -- ※   修改 : · jobhuntinger   於   May   31   11 : 55 : 06   2022   修改 本文 · [ FROM :   192 . ]"
34705291,MIT,USANews,False," Re: 学区警察局长被斥懦夫 连日足不出户州府追责
",这个和支持不支持川普有啥关系，那个判例是很多年前的，【 在 ratzinger (周星星) 的大作中提到: 】: 黄皮创粉坚持为他辩护，说警察就是没有保护屁民的责任，就是应该等--,AMang,34705145,,,0, 2022年05月31日11:54:35,"  Re :   学区 警察局长 被斥 懦夫   连日 足不出户 州府 追责 
 这个 和 支持 不 支持 川普有 啥 关系 ， 那个 判例 是 很多年 前 的 ， 【   在   ratzinger   ( 周星星 )   的 大作 中 提到 :   】 :   黄皮 创粉 坚持 为 他 辩护 ， 说 警察 就是 没有 保护 屁民 的 责任 ， 就是 应该 等 --"
34705289,MIT,USANews,False," Re: 从cbp agent描述的细节看，如果禁枪了
","这个CBP agents很勇敢的。只是现在媒体在讨伐枪，而不是赞扬这种持枪保护民众的事情。【 在 daemonself (赖在美国为中国民族自豪！) 的大作中提到: 】: 他连枪都没有，得先和马保国老师学习几年才能击毙暴徒: Jacob Albarado, speaking to NBC’s ""Today"" show, said he was sitting downto:  get a haircut when he received a text from his wife – a fourth-grade: teacher at Robb Elementary – saying ""there is an active shooter, help, I: love you."": Albarado said he then raced with his barber ""as fast as I could"" to the: school, which his daughter also attends.: ""I was just trying to get towards my wife’s room and my daughter’s room,"": Albarado recalled. ""I went back to my barber’s truck, he got me hisshotgun: . He gave me some shells, I put whatever shells I had in my pocket andthen: ...................--",Diors,34705243," 从cbp agent描述的细节看，如果禁枪了
","他连枪都没有，得先和马保国老师学习几年才能击毙暴徒Jacob Albarado, speaking to NBC’s ""Today"" show, said he was sitting down toget a haircut when he received a text from his wife – a fourth-gradeteacher at Robb Elementary – saying ""there is an active shooter, help, Ilove you.""Albarado said he then raced with his barber ""as fast as I could"" to theschool, which his daughter also attends.""I was just trying to get towards my wife’s room and my daughter’s room,""Albarado recalled. ""I went back to my barber’s truck, he got me his shotgun. He gave me some shells, I put whatever shells I had in my pocket and thenI took off running towards the school.""--",daemonself, 2022年05月31日11:52:58,"  Re :   从 cbp   agent 描述 的 细节 看 ， 如果 禁枪 了 
 这个 CBP   agents 很 勇敢 的 。 只是 现在 媒体 在 讨伐 枪 ， 而 不是 赞扬 这种 持枪 保护 民众 的 事情 。 【   在   daemonself   ( 赖 在 美国 为 中国 民族 自豪 ！ )   的 大作 中 提到 :   】 :   他 连枪 都 没有 ， 得 先 和 马 保国 老师 学习 几年 才能 击毙 暴徒 :   Jacob   Albarado ,   speaking   to   NBC ’ s   "" Today ""   show ,   said   he   was   sitting   downto :     get   a   haircut   when   he   received   a   text   from   his   wife   –   a   fourth - grade :   teacher   at   Robb   Elementary   –   saying   "" there   is   an   active   shooter ,   help ,   I :   love   you . "" :   Albarado   said   he   then   raced   with   his   barber   "" as   fast   as   I   could ""   to   the :   school ,   which   his   daughter   also   attends . :   "" I   was   just   trying   to   get   towards   my   wife ’ s   room   and   my   daughter ’ s   room , "" :   Albarado   recalled .   "" I   went   back   to   my   barber ’ s   truck ,   he   got   me   hisshotgun :   .   He   gave   me   some   shells ,   I   put   whatever   shells   I   had   in   my   pocket   andthen :   ...................--"
34705287,MIT,USANews,False," Re: 2次小学大规模枪击都是主党总统，并且都是选举年
",你的意思是老川的后台势力要禁枪？【 在 CoolTeeth(小石头) 的大作中提到: 】<br>: 你的阅读理解能力的确狭隘，鉴定完毕。<br>: 总统在我看来都是台前木偶，我提总统是指他们背后的势力主子，但是明显你理解不了<br>--,Ignius,34705231,,,0, 2022年05月31日11:53:51,"  Re :   2 次 小学 大规模 枪击 都 是 主党 总统 ， 并且 都 是 选举 年 
 你 的 意思 是 老川 的 后台 势力 要 禁枪 ？ 【   在   CoolTeeth ( 小石头 )   的 大作 中 提到 :   】 < br > :   你 的 阅读 理解能力 的确 狭隘 ， 鉴定 完毕 。 < br > :   总统 在我看来 都 是 台前 木偶 ， 我 提 总统 是 指 他们 背后 的 势力 主子 ， 但是 明显 你 理解 不了 < br > --"
34705285,MIT,USANews,False," Re: 2次小学大规模枪击都是主党总统，并且都是选举年
",你的阅读理解能力的确狭隘，鉴定完毕。总统在我看来都是台前木偶，我提总统是指他们背后的势力主子，但是明显你理解不了【 在 Ignius (Hyperion) 的大作中提到: 】: 你看看你这个图子的标题: 2次小学大规模枪击都是主党总统，并且都是选举年。: 现在来到来质问我谁说跟总统有关系了，lol: : 没关系毛腿在那拼命嚷嚷吃饱了撑的？而且你哪只眼睛看到我说跟总统有关系了: ？我说: : 背后想禁枪的势力你直接理解为总统？总统是木偶你不知道吗？你是不是老年痴: 呆了？:--☆ 发自 iPhone 买买提 1.24.11--※ 修改:·CoolTeeth 於 May 31 11:52:30 2022 修改本文·[FROM: 100.],CoolTeeth,34705231,,,0, 2022年05月31日11:51:50,"  Re :   2 次 小学 大规模 枪击 都 是 主党 总统 ， 并且 都 是 选举 年 
 你 的 阅读 理解能力 的确 狭隘 ， 鉴定 完毕 。 总统 在我看来 都 是 台前 木偶 ， 我 提 总统 是 指 他们 背后 的 势力 主子 ， 但是 明显 你 理解 不了 【   在   Ignius   ( Hyperion )   的 大作 中 提到 :   】 :   你 看看 你 这个 图子 的 标题 :   2 次 小学 大规模 枪击 都 是 主党 总统 ， 并且 都 是 选举 年 。 :   现在 来到 来 质问 我 谁 说 跟 总统 有 关系 了 ， lol :   :   没关系 毛腿 在 那 拼命 嚷嚷 吃饱 了 撑 的 ？ 而且 你 哪 只 眼睛 看到 我 说 跟 总统 有 关系 了 :   ？ 我 说 :   :   背后 想禁枪 的 势力 你 直接 理解 为 总统 ？ 总统 是 木偶 你 不 知道 吗 ？ 你 是不是 老年 痴 :   呆 了 ？ : -- ☆   发自   iPhone   买买提   1.24 . 11 -- ※   修改 : · CoolTeeth   於   May   31   11 : 52 : 30   2022   修改 本文 · [ FROM :   100 . ]"
34705283,MIT,USANews,False," Re: 2次小学大规模枪击都是主党总统，并且都是选举年
",你看看你这个帖子的标题2次小学大规模枪击都是主党总统，并且都是选举年。现在来到来质问我谁说跟总统有关系了，lol【 在 CoolTeeth(小石头) 的大作中提到: 】<br>: 没关系毛腿在那拼命嚷嚷吃饱了撑的？而且你哪只眼睛看到我说跟总统有关系了？我说<br>: 背后想禁枪的势力你直接理解为总统？总统是木偶你不知道吗？你是不是老年痴呆了？<br>--※ 修改:·Ignius 於 May 31 11:51:07 2022 修改本文·[FROM: 72.],Ignius,34705231,,,0, 2022年05月31日11:50:29,"  Re :   2 次 小学 大规模 枪击 都 是 主党 总统 ， 并且 都 是 选举 年 
 你 看看 你 这个 帖子 的 标题 2 次 小学 大规模 枪击 都 是 主党 总统 ， 并且 都 是 选举 年 。 现在 来到 来 质问 我 谁 说 跟 总统 有 关系 了 ， lol 【   在   CoolTeeth ( 小石头 )   的 大作 中 提到 :   】 < br > :   没关系 毛腿 在 那 拼命 嚷嚷 吃饱 了 撑 的 ？ 而且 你 哪 只 眼睛 看到 我 说 跟 总统 有 关系 了 ？ 我 说 < br > :   背后 想禁枪 的 势力 你 直接 理解 为 总统 ？ 总统 是 木偶 你 不 知道 吗 ？ 你 是不是 老年痴呆 了 ？ < br > -- ※   修改 : · Ignius   於   May   31   11 : 51 : 07   2022   修改 本文 · [ FROM :   72 . ]"
34705281,MIT,USANews,False," Re: 2次小学大规模枪击都是主党总统，并且都是选举年
",我从来没有说过跟总统本人有关，我列出民主党总统名字是指民主党，你非要这么解读，也不知道是故意的还是在抬杠【 在 Ignius (Hyperion) 的大作中提到: 】: 要说禁枪，老川当政时，佛州就立法对21岁以下的禁枪了。就是因为parkland: shooting。按你的意思老川才是禁枪的后台了？ lol: : 我从来没有说过跟联邦有关，我说的是跟背后想推动禁枪的势力有关，你这位大: 爷是不: : 是理解能力有问题？: : 8:--☆ 发自 iPhone 买买提 1.24.11--※ 修改:·CoolTeeth 於 May 31 11:50:50 2022 修改本文·[FROM: 100.],CoolTeeth,34705231,,,0, 2022年05月31日11:50:23,"  Re :   2 次 小学 大规模 枪击 都 是 主党 总统 ， 并且 都 是 选举 年 
 我 从来 没有 说 过 跟 总统 本人 有关 ， 我 列出 民主党 总统 名字 是 指 民主党 ， 你 非要 这么 解读 ， 也 不 知道 是 故意 的 还是 在 抬杠 【   在   Ignius   ( Hyperion )   的 大作 中 提到 :   】 :   要说 禁枪 ， 老川 当政 时 ， 佛州 就 立法 对 21 岁 以下 的 禁枪 了 。 就是 因为 parkland :   shooting 。 按 你 的 意思 老川 才 是 禁枪 的 后台 了 ？   lol :   :   我 从来 没有 说 过 跟 联邦 有关 ， 我 说 的 是 跟 背后 想 推动 禁枪 的 势力 有关 ， 你 这位 大 :   爷 是 不 :   :   是 理解能力 有 问题 ？ :   :   8 : -- ☆   发自   iPhone   买买提   1.24 . 11 -- ※   修改 : · CoolTeeth   於   May   31   11 : 50 : 50   2022   修改 本文 · [ FROM :   100 . ]"
34705277,MIT,USANews,False," Re: 2次小学大规模枪击都是主党总统，并且都是选举年
",要说禁枪，老川当政时，佛州就立法对21岁以下的禁枪了。就是因为parklandshooting。按你的意思老川才是禁枪的后台了？ lol【 在 CoolTeeth(小石头) 的大作中提到: 】<br>: 我从来没有说过跟联邦有关，我说的是跟背后想推动禁枪的势力有关，你这位大爷是不<br>: 是理解能力有问题？<br>: 8<br>--,Ignius,34705231,,,0, 2022年05月31日11:48:58,"  Re :   2 次 小学 大规模 枪击 都 是 主党 总统 ， 并且 都 是 选举 年 
 要说 禁枪 ， 老川 当政 时 ， 佛州 就 立法 对 21 岁 以下 的 禁枪 了 。 就是 因为 parklandshooting 。 按 你 的 意思 老川 才 是 禁枪 的 后台 了 ？   lol 【   在   CoolTeeth ( 小石头 )   的 大作 中 提到 :   】 < br > :   我 从来 没有 说 过 跟 联邦 有关 ， 我 说 的 是 跟 背后 想 推动 禁枪 的 势力 有关 ， 你 这位 大爷 是 不 < br > :   是 理解能力 有 问题 ？ < br > :   8 < br > --"
34705275,MIT,USANews,False," Re: 2次小学大规模枪击都是主党总统，并且都是选举年
",我就问你小学那个死了多少孩子，是不是也是警察死活不进去救人，你既然要反驳我就直接把细节链接列出来【 在 Ignius (Hyperion) 的大作中提到: 】: 小学也有一起，自己去看呀。链接都给你了。你难道在发言前自己没去查一下美国学校: 的mass shooting的记录？怪不得你总被人骗呢。: : 我在问你小学，你老说高中干什么？高中大家的关注度有小学高吗？:--☆ 发自 iPhone 买买提 1.24.11--,CoolTeeth,34705231,,,0, 2022年05月31日11:48:53,"  Re :   2 次 小学 大规模 枪击 都 是 主党 总统 ， 并且 都 是 选举 年 
 我 就 问 你 小学 那个 死 了 多少 孩子 ， 是不是 也 是 警察 死活 不 进去 救人 ， 你 既然 要 反驳 我 就 直接 把 细节 链接 列出来 【   在   Ignius   ( Hyperion )   的 大作 中 提到 :   】 :   小学 也 有 一起 ， 自己 去 看 呀 。 链接 都 给 你 了 。 你 难道 在 发言 前 自己 没去 查 一下 美国 学校 :   的 mass   shooting 的 记录 ？ 怪不得 你 总 被 人 骗 呢 。 :   :   我 在 问 你 小学 ， 你老 说 高中 干什么 ？ 高中 大家 的 关注度 有 小学 高 吗 ？ : -- ☆   发自   iPhone   买买提   1.24 . 11 --"
34705271,MIT,USANews,False," Re: 2次小学大规模枪击都是主党总统，并且都是选举年
",没关系毛腿在那拼命嚷嚷要禁枪吃饱了撑的？而且你哪只眼睛看到我说跟总统有关系了？我说背后想禁枪的势力你直接理解为总统？总统是木偶你不知道吗？你是不是老年痴呆了？【 在 Ignius (Hyperion) 的大作中提到: 】: 禁枪跟总统有毛关系？要修改宪法需要国会。: : 我从来没有说过跟联邦有关，我说的是跟背后想推动禁枪的势力有关，你这位大: 爷是不: : 是理解能力有问题？: : 8:--☆ 发自 iPhone 买买提 1.24.11--※ 修改:·CoolTeeth 於 May 31 11:49:09 2022 修改本文·[FROM: 100.],CoolTeeth,34705231,,,0, 2022年05月31日11:47:03,"  Re :   2 次 小学 大规模 枪击 都 是 主党 总统 ， 并且 都 是 选举 年 
 没关系 毛腿 在 那 拼命 嚷嚷 要 禁枪 吃饱 了 撑 的 ？ 而且 你 哪 只 眼睛 看到 我 说 跟 总统 有 关系 了 ？ 我 说 背后 想禁枪 的 势力 你 直接 理解 为 总统 ？ 总统 是 木偶 你 不 知道 吗 ？ 你 是不是 老年痴呆 了 ？ 【   在   Ignius   ( Hyperion )   的 大作 中 提到 :   】 :   禁枪 跟 总统 有 毛 关系 ？ 要 修改 宪法 需要 国会 。 :   :   我 从来 没有 说 过 跟 联邦 有关 ， 我 说 的 是 跟 背后 想 推动 禁枪 的 势力 有关 ， 你 这位 大 :   爷 是 不 :   :   是 理解能力 有 问题 ？ :   :   8 : -- ☆   发自   iPhone   买买提   1.24 . 11 -- ※   修改 : · CoolTeeth   於   May   31   11 : 49 : 09   2022   修改 本文 · [ FROM :   100 . ]"
34705269,MIT,USANews,False," Re: 2次小学大规模枪击都是主党总统，并且都是选举年
",禁枪跟总统有毛关系？要修改宪法需要国会。【 在 CoolTeeth(小石头) 的大作中提到: 】<br>: 我从来没有说过跟联邦有关，我说的是跟背后想推动禁枪的势力有关，你这位大爷是不<br>: 是理解能力有问题？<br>: 8<br>--,Ignius,34705231,,,0, 2022年05月31日11:45:58,"  Re :   2 次 小学 大规模 枪击 都 是 主党 总统 ， 并且 都 是 选举 年 
 禁枪 跟 总统 有 毛 关系 ？ 要 修改 宪法 需要 国会 。 【   在   CoolTeeth ( 小石头 )   的 大作 中 提到 :   】 < br > :   我 从来 没有 说 过 跟 联邦 有关 ， 我 说 的 是 跟 背后 想 推动 禁枪 的 势力 有关 ， 你 这位 大爷 是 不 < br > :   是 理解能力 有 问题 ？ < br > :   8 < br > --"
34705265,MIT,USANews,False," Re: 基本可以确定是beto指示chief不要冲进去的
",Local条子怎么会不带装备，说条子火力不如半自动的一把AR明显扯淡，就是想扯到AR上支持禁枪的point。也就是小六buy it。第一时间跳出来不问细节就要禁枪的人才是吃人血馒头的。--☆ 发自 iPhone 买买提 1.24.11--※ 修改:·branching 於 May 31 11:47:40 2022 修改本文·[FROM: 71.],branching,34705247," 基本可以确定是beto指示chief不要冲进去的
","根据CBP hero的自述，这些条子装备齐全的很""At one point I was there at the door, fixing to go in, but I didn’t haveany of my gear, it wouldn’t have been a smart move for me,"" Albarado said,describing the police presence on-scene. ""All of those guys had their gearand stuff.""--",daemonself, 2022年05月31日11:45:43,"  Re :   基本 可以 确定 是 beto 指示 chief 不要 冲进去 的 
 Local 条子 怎么 会不带 装备 ， 说 条子 火力 不如 半自动 的 一把 AR 明显 扯淡 ， 就是 想 扯 到 AR 上 支持 禁枪 的 point 。 也 就是 小六 buy   it 。 第一 时间 跳 出来 不问 细节 就要 禁枪 的 人才 是 吃 人 血馒头 的 。 -- ☆   发自   iPhone   买买提   1.24 . 11 -- ※   修改 : · branching   於   May   31   11 : 47 : 40   2022   修改 本文 · [ FROM :   71 . ]"
34705263,MIT,USANews,False," Re: 基本可以确定是beto指示chief不要冲进去的
","博导就是各种反转黑的行为艺术家。这一帖显然是在黑川粉。【 在 daemonself (赖在美国为中国民族自豪！) 的大作中提到: 】: 根据CBP hero的自述，这些条子装备齐全的很: ""At one point I was there at the door, fixing to go in, but I didn’t have: any of my gear, it wouldn’t have been a smart move for me,"" Albarado said,: describing the police presence on-scene. ""All of those guys had their gear: and stuff.""--",GoBraves,34705247," 基本可以确定是beto指示chief不要冲进去的
","根据CBP hero的自述，这些条子装备齐全的很""At one point I was there at the door, fixing to go in, but I didn’t haveany of my gear, it wouldn’t have been a smart move for me,"" Albarado said,describing the police presence on-scene. ""All of those guys had their gearand stuff.""--",daemonself, 2022年05月31日11:45:12,"  Re :   基本 可以 确定 是 beto 指示 chief 不要 冲进去 的 
 博导 就是 各种 反转 黑 的 行为 艺术家 。 这 一帖 显然 是 在 黑川粉 。 【   在   daemonself   ( 赖 在 美国 为 中国 民族 自豪 ！ )   的 大作 中 提到 :   】 :   根据 CBP   hero 的 自述 ， 这些 条子 装备齐全 的 很 :   "" At   one   point   I   was   there   at   the   door ,   fixing   to   go   in ,   but   I   didn ’ t   have :   any   of   my   gear ,   it   wouldn ’ t   have   been   a   smart   move   for   me , ""   Albarado   said , :   describing   the   police   presence   on - scene .   "" All   of   those   guys   had   their   gear :   and   stuff . "" --"
34705261,MIT,USANews,False," Re: 基本可以确定是beto指示chief不要冲进去的
",为啥90分钟？说不定抢手爷是beto粉呢【 在 Ignius (Hyperion) 的大作中提到: 】: 博导又开脑洞了。是不是beto指示的很容易查到，查一下那个傻逼局长在枪击发生的90: 分钟内的通信即可。--,daemonself,34705247," 基本可以确定是beto指示chief不要冲进去的
","根据CBP hero的自述，这些条子装备齐全的很""At one point I was there at the door, fixing to go in, but I didn’t haveany of my gear, it wouldn’t have been a smart move for me,"" Albarado said,describing the police presence on-scene. ""All of those guys had their gearand stuff.""--",daemonself, 2022年05月31日11:45:09,"  Re :   基本 可以 确定 是 beto 指示 chief 不要 冲进去 的 
 为啥 90 分钟 ？ 说不定 抢手 爷 是 beto 粉 呢 【   在   Ignius   ( Hyperion )   的 大作 中 提到 :   】 :   博导 又 开脑 洞 了 。 是不是 beto 指示 的 很 容易 查 到 ， 查 一下 那个 傻 逼 局长 在 枪击 发生 的 90 :   分钟 内 的 通信 即可 。 --"
34705259,MIT,USANews,False," Re: 2次小学大规模枪击都是主党总统，并且都是选举年
",小学也有一起，自己去看呀。链接都给你了。你难道在发言前自己没去查一下美国学校的mass shooting的记录？怪不得你总被人骗呢。【 在 CoolTeeth(小石头) 的大作中提到: 】<br>: 我在问你小学，你老说高中干什么？高中大家的关注度有小学高吗？<br>--,Ignius,34705231,,,0, 2022年05月31日11:44:52,"  Re :   2 次 小学 大规模 枪击 都 是 主党 总统 ， 并且 都 是 选举 年 
 小学 也 有 一起 ， 自己 去 看 呀 。 链接 都 给 你 了 。 你 难道 在 发言 前 自己 没去 查 一下 美国 学校 的 mass   shooting 的 记录 ？ 怪不得 你 总 被 人 骗 呢 。 【   在   CoolTeeth ( 小石头 )   的 大作 中 提到 :   】 < br > :   我 在 问 你 小学 ， 你老 说 高中 干什么 ？ 高中 大家 的 关注度 有 小学 高 吗 ？ < br > --"
34705257,MIT,USANews,False," Re: 基本可以确定是beto指示chief不要冲进去的
",来来来你来查一下？反正我能查到的就是sb chief给2b beto捐过【 在 Ignius (Hyperion) 的大作中提到: 】: 博导又开脑洞了。是不是beto指示的很容易查到，查一下那个傻逼局长在枪击发生的90: 分钟内的通信即可。--,daemonself,34705247," 基本可以确定是beto指示chief不要冲进去的
","根据CBP hero的自述，这些条子装备齐全的很""At one point I was there at the door, fixing to go in, but I didn’t haveany of my gear, it wouldn’t have been a smart move for me,"" Albarado said,describing the police presence on-scene. ""All of those guys had their gearand stuff.""--",daemonself, 2022年05月31日11:44:39,"  Re :   基本 可以 确定 是 beto 指示 chief 不要 冲进去 的 
 来来来 你 来查 一下 ？ 反正 我 能查 到 的 就是 sb   chief 给 2b   beto 捐过 【   在   Ignius   ( Hyperion )   的 大作 中 提到 :   】 :   博导 又 开脑 洞 了 。 是不是 beto 指示 的 很 容易 查 到 ， 查 一下 那个 傻 逼 局长 在 枪击 发生 的 90 :   分钟 内 的 通信 即可 。 --"
34705255,MIT,USANews,False," Re: 2次小学大规模枪击都是主党总统，并且都是选举年
",我从来没有说过跟联邦有关，我说的是跟背后想推动禁枪的势力有关，你这位大爷是不是理解能力有问题？【 在 Ignius (Hyperion) 的大作中提到: 】: 这种学校的mass shooting是州务，跟federal政府没啥毛关系。跟总统更是扯上10万8: 千里了。: : 请给出链接，尤其是小学那起，死了多少孩子，谢谢。: : 还有，媒体恨老川恨得要死，这么好的机会为何没吵翻天？:--☆ 发自 iPhone 买买提 1.24.11--※ 修改:·CoolTeeth 於 May 31 11:44:30 2022 修改本文·[FROM: 100.],CoolTeeth,34705231,,,0, 2022年05月31日11:44:03,"  Re :   2 次 小学 大规模 枪击 都 是 主党 总统 ， 并且 都 是 选举 年 
 我 从来 没有 说 过 跟 联邦 有关 ， 我 说 的 是 跟 背后 想 推动 禁枪 的 势力 有关 ， 你 这位 大爷 是不是 理解能力 有 问题 ？ 【   在   Ignius   ( Hyperion )   的 大作 中 提到 :   】 :   这种 学校 的 mass   shooting 是州务 ， 跟 federal 政府 没 啥 毛 关系 。 跟 总统 更是 扯 上 10 万 8 :   千里 了 。 :   :   请 给出 链接 ， 尤其 是 小学 那起 ， 死 了 多少 孩子 ， 谢谢 。 :   :   还有 ， 媒体 恨 老川恨 得 要死 ， 这么 好 的 机会 为何 没吵 翻天 ？ : -- ☆   发自   iPhone   买买提   1.24 . 11 -- ※   修改 : · CoolTeeth   於   May   31   11 : 44 : 30   2022   修改 本文 · [ FROM :   100 . ]"
34705253,MIT,USANews,False," Re: 2次小学大规模枪击都是主党总统，并且都是选举年
",我在问你小学，你老说高中干什么？高中大家的关注度有小学高吗？【 在 Ignius (Hyperion) 的大作中提到: 】: 怎么没有？著名的parkland shooting你没听说过？: 佛州立法把合法购买ar的最低年龄提高到21岁就是因为这起mass shooting。还有德州: 的santa fe high school shooting也大幅报道过。大妈不要别人说啥信啥。自己最起: 码做点research再发言。: https://en.m.wikipedia.org/wiki/List_of_school_shootings_in_the_United_: States: : 请给出链接，尤其是小学那起，谢谢。: : 还有，媒体恨老川恨得要死为何没吵翻天？:--☆ 发自 iPhone 买买提 1.24.11--,CoolTeeth,34705231,,,0, 2022年05月31日11:43:05,"  Re :   2 次 小学 大规模 枪击 都 是 主党 总统 ， 并且 都 是 选举 年 
 我 在 问 你 小学 ， 你老 说 高中 干什么 ？ 高中 大家 的 关注度 有 小学 高 吗 ？ 【   在   Ignius   ( Hyperion )   的 大作 中 提到 :   】 :   怎么 没有 ？ 著名 的 parkland   shooting 你 没听说过 ？ :   佛州 立法 把 合法 购买 ar 的 最低 年龄 提高 到 21 岁 就是 因为 这起 mass   shooting 。 还有 德州 :   的 santa   fe   high   school   shooting 也 大幅 报道 过 。 大妈 不要 别人 说 啥 信 啥 。 自己 最起 :   码 做点 research 再 发言 。 :   https : / / en . m . wikipedia . org / wiki / List _ of _ school _ shootings _ in _ the _ United _ :   States :   :   请 给出 链接 ， 尤其 是 小学 那起 ， 谢谢 。 :   :   还有 ， 媒体 恨 老川恨 得 要死 为何 没吵 翻天 ？ : -- ☆   发自   iPhone   买买提   1.24 . 11 --"
34705251,MIT,USANews,False," 基本可以确定是beto指示chief不要冲进去的
",博导又开脑洞了。是不是beto指示的很容易查到，查一下那个傻逼局长在枪击发生的90分钟内的通信即可。--,Ignius,34705247," 基本可以确定是beto指示chief不要冲进去的
","根据CBP hero的自述，这些条子装备齐全的很""At one point I was there at the door, fixing to go in, but I didn’t haveany of my gear, it wouldn’t have been a smart move for me,"" Albarado said,describing the police presence on-scene. ""All of those guys had their gearand stuff.""--",daemonself, 2022年05月31日11:42:59,"  基本 可以 确定 是 beto 指示 chief 不要 冲进去 的 
 博导 又 开脑 洞 了 。 是不是 beto 指示 的 很 容易 查 到 ， 查 一下 那个 傻 逼 局长 在 枪击 发生 的 90 分钟 内 的 通信 即可 。 --"
34705247,MIT,USANews,True," 基本可以确定是beto指示chief不要冲进去的
","根据CBP hero的自述，这些条子装备齐全的很""At one point I was there at the door, fixing to go in, but I didn’t haveany of my gear, it wouldn’t have been a smart move for me,"" Albarado said,describing the police presence on-scene. ""All of those guys had their gearand stuff.""--",daemonself,0,,,0, 2022年05月31日11:39:27,"  基本 可以 确定 是 beto 指示 chief 不要 冲进去 的 
 根据 CBP   hero 的 自述 ， 这些 条子 装备齐全 的 很 "" At   one   point   I   was   there   at   the   door ,   fixing   to   go   in ,   but   I   didn ’ t   haveany   of   my   gear ,   it   wouldn ’ t   have   been   a   smart   move   for   me , ""   Albarado   said , describing   the   police   presence   on - scene .   "" All   of   those   guys   had   their   gearand   stuff . "" --"
34705245,MIT,USANews,False," Re: 2次小学大规模枪击都是主党总统，并且都是选举年
",这种学校的mass shooting是州务，跟federal政府没啥毛关系。跟总统更是扯上10万8千里了。【 在 CoolTeeth(小石头) 的大作中提到: 】<br>: 请给出链接，尤其是小学那起，死了多少孩子，谢谢。<br>: 还有，媒体恨老川恨得要死，这么好的机会为何没吵翻天？<br>--,Ignius,34705231,,,0, 2022年05月31日11:37:59,"  Re :   2 次 小学 大规模 枪击 都 是 主党 总统 ， 并且 都 是 选举 年 
 这种 学校 的 mass   shooting 是州务 ， 跟 federal 政府 没 啥 毛 关系 。 跟 总统 更是 扯 上 10 万 8 千里 了 。 【   在   CoolTeeth ( 小石头 )   的 大作 中 提到 :   】 < br > :   请 给出 链接 ， 尤其 是 小学 那起 ， 死 了 多少 孩子 ， 谢谢 。 < br > :   还有 ， 媒体 恨 老川恨 得 要死 ， 这么 好 的 机会 为何 没吵 翻天 ？ < br > --"
34705243,MIT,USANews,True," 从cbp agent描述的细节看，如果禁枪了
","他连枪都没有，得先和马保国老师学习几年才能击毙暴徒Jacob Albarado, speaking to NBC’s ""Today"" show, said he was sitting down toget a haircut when he received a text from his wife – a fourth-gradeteacher at Robb Elementary – saying ""there is an active shooter, help, Ilove you.""Albarado said he then raced with his barber ""as fast as I could"" to theschool, which his daughter also attends.""I was just trying to get towards my wife’s room and my daughter’s room,""Albarado recalled. ""I went back to my barber’s truck, he got me his shotgun. He gave me some shells, I put whatever shells I had in my pocket and thenI took off running towards the school.""--",daemonself,0,,,0, 2022年05月31日11:37:21,"  从 cbp   agent 描述 的 细节 看 ， 如果 禁枪 了 
 他 连枪 都 没有 ， 得 先 和 马 保国 老师 学习 几年 才能 击毙 暴徒 Jacob   Albarado ,   speaking   to   NBC ’ s   "" Today ""   show ,   said   he   was   sitting   down   toget   a   haircut   when   he   received   a   text   from   his   wife   –   a   fourth - gradeteacher   at   Robb   Elementary   –   saying   "" there   is   an   active   shooter ,   help ,   Ilove   you . "" Albarado   said   he   then   raced   with   his   barber   "" as   fast   as   I   could ""   to   theschool ,   which   his   daughter   also   attends . "" I   was   just   trying   to   get   towards   my   wife ’ s   room   and   my   daughter ’ s   room , "" Albarado   recalled .   "" I   went   back   to   my   barber ’ s   truck ,   he   got   me   his   shotgun .   He   gave   me   some   shells ,   I   put   whatever   shells   I   had   in   my   pocket   and   thenI   took   off   running   towards   the   school . "" --"
34705243,MIT,USANews,True," 从cbp agent描述的细节看，如果禁枪了
","他连枪都没有，得先和马保国老师学习几年才能击毙暴徒Jacob Albarado, speaking to NBC’s ""Today"" show, said he was sitting down toget a haircut when he received a text from his wife – a fourth-gradeteacher at Robb Elementary – saying ""there is an active shooter, help, Ilove you.""Albarado said he then raced with his barber ""as fast as I could"" to theschool, which his daughter also attends.""I was just trying to get towards my wife’s room and my daughter’s room,""Albarado recalled. ""I went back to my barber’s truck, he got me his shotgun. He gave me some shells, I put whatever shells I had in my pocket and thenI took off running towards the school.""--",daemonself,0,,,0, 2022年05月31日11:37:21,"  从 cbp   agent 描述 的 细节 看 ， 如果 禁枪 了 
 他 连枪 都 没有 ， 得 先 和 马 保国 老师 学习 几年 才能 击毙 暴徒 Jacob   Albarado ,   speaking   to   NBC ’ s   "" Today ""   show ,   said   he   was   sitting   down   toget   a   haircut   when   he   received   a   text   from   his   wife   –   a   fourth - gradeteacher   at   Robb   Elementary   –   saying   "" there   is   an   active   shooter ,   help ,   Ilove   you . "" Albarado   said   he   then   raced   with   his   barber   "" as   fast   as   I   could ""   to   theschool ,   which   his   daughter   also   attends . "" I   was   just   trying   to   get   towards   my   wife ’ s   room   and   my   daughter ’ s   room , "" Albarado   recalled .   "" I   went   back   to   my   barber ’ s   truck ,   he   got   me   his   shotgun .   He   gave   me   some   shells ,   I   put   whatever   shells   I   had   in   my   pocket   and   thenI   took   off   running   towards   the   school . "" --"
34705241,MIT,USANews,False," Re: 2次小学大规模枪击都是主党总统，并且都是选举年
",怎么没有？著名的parkland shooting你没听说过？佛州立法把合法购买ar的最低年龄提高到21岁就是因为这起mass shooting。还有德州的santa fe high school shooting也大幅报道过。大妈不要别人说啥信啥。自己最起码做点research再发言。https://en.m.wikipedia.org/wiki/List_of_school_shootings_in_the_United_States【 在 CoolTeeth(小石头) 的大作中提到: 】<br>: 请给出链接，尤其是小学那起，谢谢。<br>: 还有，媒体恨老川恨得要死为何没吵翻天？<br>--,Ignius,34705231,,,0, 2022年05月31日11:36:03,"  Re :   2 次 小学 大规模 枪击 都 是 主党 总统 ， 并且 都 是 选举 年 
 怎么 没有 ？ 著名 的 parkland   shooting 你 没听说过 ？ 佛州 立法 把 合法 购买 ar 的 最低 年龄 提高 到 21 岁 就是 因为 这起 mass   shooting 。 还有 德州 的 santa   fe   high   school   shooting 也 大幅 报道 过 。 大妈 不要 别人 说 啥 信 啥 。 自己 最起码 做点 research 再 发言 。 https : / / en . m . wikipedia . org / wiki / List _ of _ school _ shootings _ in _ the _ United _ States 【   在   CoolTeeth ( 小石头 )   的 大作 中 提到 :   】 < br > :   请 给出 链接 ， 尤其 是 小学 那起 ， 谢谢 。 < br > :   还有 ， 媒体 恨 老川恨 得 要死 为何 没吵 翻天 ？ < br > --"
34705239,MIT,USANews,False," Re: 2次小学大规模枪击都是主党总统，并且都是选举年
",请给出链接，尤其是小学那起，死了多少孩子，谢谢。还有，媒体恨老川恨得要死，这么好的机会为何没吵翻天？【 在 Ignius (Hyperion) 的大作中提到: 】: 你再去看看high school mass shooting。2018年就发生了三起，都是老川当总统时。: 还有一起小学的mass shooting。这说明了什么？--☆ 发自 iPhone 买买提 1.24.11--※ 修改:·CoolTeeth 於 May 31 11:31:40 2022 修改本文·[FROM: 100.],CoolTeeth,34705231,,,0, 2022年05月31日11:30:58,"  Re :   2 次 小学 大规模 枪击 都 是 主党 总统 ， 并且 都 是 选举 年 
 请 给出 链接 ， 尤其 是 小学 那起 ， 死 了 多少 孩子 ， 谢谢 。 还有 ， 媒体 恨 老川恨 得 要死 ， 这么 好 的 机会 为何 没吵 翻天 ？ 【   在   Ignius   ( Hyperion )   的 大作 中 提到 :   】 :   你 再 去 看看 high   school   mass   shooting 。 2018 年 就 发生 了 三起 ， 都 是 老川当 总统 时 。 :   还有 一起 小学 的 mass   shooting 。 这 说明 了 什么 ？ -- ☆   发自   iPhone   买买提   1.24 . 11 -- ※   修改 : · CoolTeeth   於   May   31   11 : 31 : 40   2022   修改 本文 · [ FROM :   100 . ]"
34705237,MIT,USANews,False," 2次小学大规模枪击都是主党总统，并且都是选举年
",你再去看看high school mass shooting。2018年就发生了三起，都是老川当总统时。还有一起小学的mass shooting。这说明了什么？--,Ignius,34705231,,,0, 2022年05月31日11:24:36,"  2 次 小学 大规模 枪击 都 是 主党 总统 ， 并且 都 是 选举 年 
 你 再 去 看看 high   school   mass   shooting 。 2018 年 就 发生 了 三起 ， 都 是 老川当 总统 时 。 还有 一起 小学 的 mass   shooting 。 这 说明 了 什么 ？ --"
34705235,MIT,USANews,False," Re: 中小学教材为什么不能性教育？ (转载)
",中小学教材可以进行性教育，但具体进行什么性教育？如果争执不下，那还是不教育更稳妥吧？人类社会应该承担从中小学阶段，就进行错误教育的风险吗？--,YXLM,34705233,,,0, 2022年05月31日11:12:32,"  Re :   中小学 教材 为什么 不能 性 教育 ？   ( 转载 ) 
 中小学 教材 可以 进行性 教育 ， 但 具体 进行 什么 性 教育 ？ 如果 争执不下 ， 那 还是 不 教育 更 稳妥 吧 ？ 人类 社会 应该 承担 从 中小学 阶段 ， 就 进行 错误 教育 的 风险 吗 ？ --"
34705243,MIT,USANews,True," 从cbp agent描述的细节看，如果禁枪了
","他连枪都没有，得先和马保国老师学习几年才能击毙暴徒Jacob Albarado, speaking to NBC’s ""Today"" show, said he was sitting down toget a haircut when he received a text from his wife – a fourth-gradeteacher at Robb Elementary – saying ""there is an active shooter, help, Ilove you.""Albarado said he then raced with his barber ""as fast as I could"" to theschool, which his daughter also attends.""I was just trying to get towards my wife’s room and my daughter’s room,""Albarado recalled. ""I went back to my barber’s truck, he got me his shotgun. He gave me some shells, I put whatever shells I had in my pocket and thenI took off running towards the school.""--",daemonself,0,,,0, 2022年05月31日11:37:21,"  从 cbp   agent 描述 的 细节 看 ， 如果 禁枪 了 
 他 连枪 都 没有 ， 得 先 和 马 保国 老师 学习 几年 才能 击毙 暴徒 Jacob   Albarado ,   speaking   to   NBC ’ s   "" Today ""   show ,   said   he   was   sitting   down   toget   a   haircut   when   he   received   a   text   from   his   wife   –   a   fourth - gradeteacher   at   Robb   Elementary   –   saying   "" there   is   an   active   shooter ,   help ,   Ilove   you . "" Albarado   said   he   then   raced   with   his   barber   "" as   fast   as   I   could ""   to   theschool ,   which   his   daughter   also   attends . "" I   was   just   trying   to   get   towards   my   wife ’ s   room   and   my   daughter ’ s   room , "" Albarado   recalled .   "" I   went   back   to   my   barber ’ s   truck ,   he   got   me   his   shotgun .   He   gave   me   some   shells ,   I   put   whatever   shells   I   had   in   my   pocket   and   thenI   took   off   running   towards   the   school . "" --"
34705241,MIT,USANews,False," Re: 2次小学大规模枪击都是主党总统，并且都是选举年
",怎么没有？著名的parkland shooting你没听说过？佛州立法把合法购买ar的最低年龄提高到21岁就是因为这起mass shooting。还有德州的santa fe high school shooting也大幅报道过。大妈不要别人说啥信啥。自己最起码做点research再发言。https://en.m.wikipedia.org/wiki/List_of_school_shootings_in_the_United_States【 在 CoolTeeth(小石头) 的大作中提到: 】<br>: 请给出链接，尤其是小学那起，谢谢。<br>: 还有，媒体恨老川恨得要死为何没吵翻天？<br>--,Ignius,34705231,,,0, 2022年05月31日11:36:03,"  Re :   2 次 小学 大规模 枪击 都 是 主党 总统 ， 并且 都 是 选举 年 
 怎么 没有 ？ 著名 的 parkland   shooting 你 没听说过 ？ 佛州 立法 把 合法 购买 ar 的 最低 年龄 提高 到 21 岁 就是 因为 这起 mass   shooting 。 还有 德州 的 santa   fe   high   school   shooting 也 大幅 报道 过 。 大妈 不要 别人 说 啥 信 啥 。 自己 最起码 做点 research 再 发言 。 https : / / en . m . wikipedia . org / wiki / List _ of _ school _ shootings _ in _ the _ United _ States 【   在   CoolTeeth ( 小石头 )   的 大作 中 提到 :   】 < br > :   请 给出 链接 ， 尤其 是 小学 那起 ， 谢谢 。 < br > :   还有 ， 媒体 恨 老川恨 得 要死 为何 没吵 翻天 ？ < br > --"
34705239,MIT,USANews,False," Re: 2次小学大规模枪击都是主党总统，并且都是选举年
",请给出链接，尤其是小学那起，死了多少孩子，谢谢。还有，媒体恨老川恨得要死，这么好的机会为何没吵翻天？【 在 Ignius (Hyperion) 的大作中提到: 】: 你再去看看high school mass shooting。2018年就发生了三起，都是老川当总统时。: 还有一起小学的mass shooting。这说明了什么？--☆ 发自 iPhone 买买提 1.24.11--※ 修改:·CoolTeeth 於 May 31 11:31:40 2022 修改本文·[FROM: 100.],CoolTeeth,34705231,,,0, 2022年05月31日11:30:58,"  Re :   2 次 小学 大规模 枪击 都 是 主党 总统 ， 并且 都 是 选举 年 
 请 给出 链接 ， 尤其 是 小学 那起 ， 死 了 多少 孩子 ， 谢谢 。 还有 ， 媒体 恨 老川恨 得 要死 ， 这么 好 的 机会 为何 没吵 翻天 ？ 【   在   Ignius   ( Hyperion )   的 大作 中 提到 :   】 :   你 再 去 看看 high   school   mass   shooting 。 2018 年 就 发生 了 三起 ， 都 是 老川当 总统 时 。 :   还有 一起 小学 的 mass   shooting 。 这 说明 了 什么 ？ -- ☆   发自   iPhone   买买提   1.24 . 11 -- ※   修改 : · CoolTeeth   於   May   31   11 : 31 : 40   2022   修改 本文 · [ FROM :   100 . ]"
34705237,MIT,USANews,False," 2次小学大规模枪击都是主党总统，并且都是选举年
",你再去看看high school mass shooting。2018年就发生了三起，都是老川当总统时。还有一起小学的mass shooting。这说明了什么？--,Ignius,34705231,,,0, 2022年05月31日11:24:36,"  2 次 小学 大规模 枪击 都 是 主党 总统 ， 并且 都 是 选举 年 
 你 再 去 看看 high   school   mass   shooting 。 2018 年 就 发生 了 三起 ， 都 是 老川当 总统 时 。 还有 一起 小学 的 mass   shooting 。 这 说明 了 什么 ？ --"
34705235,MIT,USANews,False," Re: 中小学教材为什么不能性教育？ (转载)
",中小学教材可以进行性教育，但具体进行什么性教育？如果争执不下，那还是不教育更稳妥吧？人类社会应该承担从中小学阶段，就进行错误教育的风险吗？--,YXLM,34705233,,,0, 2022年05月31日11:12:32,"  Re :   中小学 教材 为什么 不能 性 教育 ？   ( 转载 ) 
 中小学 教材 可以 进行性 教育 ， 但 具体 进行 什么 性 教育 ？ 如果 争执不下 ， 那 还是 不 教育 更 稳妥 吧 ？ 人类 社会 应该 承担 从 中小学 阶段 ， 就 进行 错误 教育 的 风险 吗 ？ --"
